0,nospec_no_specifier_test,1632237394,0
1,nospec_empty_string,1632237394,0
2,nospec_some_escaped_chars,1632237394,0
3,nospec_successive_5_5,1632237394,0
4,nospec_successive_2_9,1632237394,0
5,nospec_successive_8_3,1632237394,0
6,pct_basic,1632237394,0
7,pct_5w,1632237394,1630021518
8,pct_5wlj,1632237394,1630021518
9,pct_5wzp,1632237394,1630021518
10,pct_5wljzp,1632237394,1630021518
16,c_allprintable_combined,1632237394,1632071953
17,c_1_31_combined,1632237394,0
18,c_128_255_combined,1632237394,0
19,c_allprintable_width,1632237394,1632071928
20,c_1_31_width,1632237394,1630021518
21,c_128_255_width,1632237394,1630021518
22,c_allprintable_width_lj,1632237394,1632071928
23,c_1_31_width_lj,1632237394,1630021518
24,c_128_255_width_lj,1632237394,1630021518
25,c_nullterm_basic,1632237394,0
26,c_nullterm_5w,1632237394,1630021518
27,c_nullterm_5wlj,1632237394,1630021518
28,s_basic_string_expansion,1632237394,0
29,s_only_string_expansion,1632237394,0
30,s_two_string_expansions,1632237394,0
31,s_two_string_expansions2,1632237394,0
32,s_empty_string_expansion,1632237394,0
33,s_full_then_empty_string,1632237394,0
34,s_empty_then_full_string,1632237394,0
35,s_three_strings,1632237394,0
36,s_space_padded_field_width,1632237394,1630021518
37,s_space_padded_field_width2,1632237394,1630021518
38,s_space_padded_over_field_width,1632237394,1630021518
39,s_space_padded_field_width_lj,1632237394,1630021518
40,s_space_padded_field_width2_lj,1632237394,1630021518
41,s_space_padded_over_field_width_lj,1632237394,1630021518
42,s_string_prec_notrunc,1632237394,1630021518
43,s_string_prec_trunc,1632237394,1630021518
44,s_string_prec_default,1632237394,1630021518
45,s_string_prec_zero,1632237394,1630021518
46,s_two_strings_prec_2trunc,1632237394,1630021518
47,s_two_strings_prec_1trunc_a,1632237394,1630021518
48,s_two_strings_prec_1trunc_b,1632237394,1630021518
49,s_two_strings_prec_0trunc,1632237394,1630021518
50,s_string_prec_width_notrunc,1632237394,1630021518
51,s_string_prec_width_trunc,1632237394,1630021518
52,s_string_prec_width_notrunc_lj,1632237394,1630021518
53,s_string_prec_width_trunc_lj,1632237394,1630021518
54,s_two_s_prec_width_2fit_0trunc,1632237394,1630021518
55,s_two_s_prec_width_1fit_a_0trunc,1632237394,1630021518
56,s_two_s_prec_width_1fit_b_0trunc,1632237394,1630021518
57,s_two_s_prec_width_0fit_0trunc,1632237394,1630021518
58,s_two_s_prec_width_2fit_1trunc_a,1632237394,1630021518
59,s_two_s_prec_width_1fit_a_1trunc_a,1632237394,1630021518
60,s_two_s_prec_width_1fit_b_1trunc_a,1632237394,1630021518
61,s_two_s_prec_width_0fit_1trunc_a,1632237394,1630021518
62,s_two_s_prec_width_2fit_1trunc_b,1632237394,1630021518
63,s_two_s_prec_width_1fit_a_1trunc_b,1632237394,1630021518
64,s_two_s_prec_width_1fit_b_1trunc_b,1632237394,1630021518
65,s_two_s_prec_width_0fit_1trunc_b,1632237394,1630021518
66,s_two_s_prec_width_2fit_2trunc,1632237394,1630021518
67,s_two_s_prec_width_1fit_a_2trunc,1632237394,1630021518
68,s_two_s_prec_width_1fit_b_2trunc,1632237394,1630021518
69,s_two_s_prec_width_0fit_2trunc,1632237394,1630021518
70,s_two_s_prec_width_2trunc,1632237394,1630021518
71,s_two_strings_lj_and_rj,1632237394,1630021518
72,s_two_strings_rj_and_lj,1632237394,1630021518
73,s_null_basic_string_expansion,1632237394,0
74,s_null_only_string_expansion,1632237394,0
75,s_null_space_padded_field_width,1632237394,1630021518
76,s_null_space_padded_over_field_width,1632237394,1630021518
77,s_null_space_padded_field_width_lj,1632237394,1630021518
78,s_null_space_padded_field_width2_lj,1632237394,1630021518
79,s_null_space_padded_over_field_width_lj,1632237394,1630021518
80,s_null_string_prec_notrunc,1632237394,1630021518
81,s_null_string_prec_trunc,1632237394,1630021518
82,s_null_string_prec_default,1632237394,1630021518
83,s_null_string_prec_zero,1632237394,1630021518
84,s_basic_s_hidden,1632237394,0
85,s_width_3_s_hidden,1632237394,1630021518
86,s_width_9_s_hidden,1632237394,1630021518
87,s_prec_no_width_s_hidden,1632237394,1630021518
88,s_prec_9_no_width_s_hidden,1632237394,1630021518
89,s_prec_03_no_width_s_hidden,1632237394,1630021518
90,s_prec_09_no_width_s_hidden,1632237394,1630021518
91,s_prec_03_no_width_s_null,1632237394,1630021518
92,s_prec_09_no_width_s_null,1632237394,1630021518
93,s_prec_00_no_width_s_nullchar,1632237394,1630021518
94,s_prec_01_no_width_s_nullchar,1632237394,1630021518
95,s_prec_03_no_width_s_nullchar,1632237394,1630021518
96,s_prec_09_no_width_s_nullchar,1632237394,1630021518
97,s_prec_0_width_3_s_hidden,1632237394,1630021518
98,s_prec_0_width_10_s_hidden,1632237394,1630021518
99,s_prec_0_width_3_s_null,1632237394,1630021518
100,s_prec_0_width_10_s_null,1632237394,1630021518
101,s_prec_0_width_1_s_nullchar,1632237394,1630021518
102,s_prec_0_width_2_s_nullchar,1632237394,1630021518
103,s_prec_0_width_9_s_nullchar,1632237394,1630021518
104,s_prec_0_lj_width_3_s_hidden,1632237394,1630021518
105,s_prec_0_lj_width_8_s_hidden,1632237394,1630021518
106,s_prec_0_lj_width_3_s_null,1632237394,1630021518
107,s_prec_0_lj_width_8_s_null,1632237394,1630021518
108,s_prec_0_lj_width_1_s_nullchar,1632237394,1630021518
109,s_prec_0_lj_width_2_s_nullchar,1632237394,1630021518
110,s_prec_0_lj_width_6_s_nullchar,1632237394,1630021518
111,s_prec_1_width_3_s_hidden,1632237394,1630021518
112,s_prec_1_width_10_s_hidden,1632237394,1630021518
113,s_prec_1_width_3_s_null,1632237394,1630021518
114,s_prec_1_width_9_s_null,1632237394,1630021518
115,s_prec_1_lj_width_3_s_hidden,1632237394,1630021518
116,s_prec_1_lj_width_10_s_hidden,1632237394,1630021518
117,s_prec_1_lj_width_3_s_null,1632237394,1630021518
118,s_prec_1_lj_width_9_s_null,1632237394,1630021518
119,s_prec_1_lj_width_3_s_nullchar,1632237394,1630021518
120,s_prec_1_lj_width_6_s_nullchar,1632237394,1630021518
121,s_prec_perfect_width_3_s_hidden,1632237394,1630021518
122,s_prec_perfect_width_20_s_hidden,1632237394,1630021518
123,s_prec_perfect_width_3_s_null,1632237394,1630021518
124,s_prec_perfect_width_20_s_null,1632237394,1630021518
125,s_prec_perfect_width_3_s_nullchar,1632237394,1630021518
126,s_prec_perfect_width_6_s_nullchar,1632237394,1630021518
127,s_prec_perfect_lj_width_3_s_hidden,1632237394,1630021518
128,s_prec_perfect_lj_width_20_s_hidden,1632237394,1630021518
129,s_prec_8_lj_width_3_s_hidden,1632237394,1630021518
130,s_prec_8_lj_width_10_s_hidden,1632237394,1630021518
131,s_prec_8_lj_width_3_s_null,1632237394,1630021518
132,s_prec_8_lj_width_10_s_null,1632237394,1630021518
133,s_prec_00_lj_s_hidden_trunc,1632237394,1630021518
134,s_prec_09_lj_s_hidden_notrunc,1632237394,1630021518
173,p_null,0,1632237394
178,p_ftfc_5w_throwswarning,0,1632237394
179,p_basic,1632237394,0
180,p_width_fit,1632237394,1630021518
181,p_width_nofit,1632237394,1630021518
182,p_width_16,1632237394,1630021518
183,p_width_8,1632237394,1630021518
184,p_width_32,1632237394,1630021518
185,p_width_fit_lj,1632237394,1630021518
186,p_width_nofit_lj,1632237394,1630021518
187,p_width_16_lj,1632237394,1630021518
188,p_width_8_lj,1632237394,1630021518
189,p_width_32_lj,1632237394,1630021518
190,d_basic_pos,1632237394,0
191,d_basic_neg,1632237394,0
192,d_basic_zero,1632237394,0
193,d_basic_onlypos,1632237394,0
194,d_basic_onlyneg,1632237394,0
195,d_basic_onlyzero,1632237394,0
196,d_intmax,1632237394,0
197,d_intmin,1632237394,0
198,d_width_pos_fits,1632237394,1630021518
199,d_width_neg_fits,1632237394,1630021518
200,d_width_zero_fits,1632237394,1630021518
201,d_width_pos_exactfit,1632237394,1630021518
202,d_width_neg_exactfit,1632237394,1630021518
203,d_width_pos_nofit,1632237394,1630021518
204,d_width_neg_nofit,1632237394,1630021518
205,d_width_pos_fits_lj,1632237394,1630021518
206,d_width_neg_fits_lj,1632237394,1630021518
207,d_width_zero_fits_lj,1632237394,1630021518
208,d_width_pos_exactfit_lj,1632237394,1630021518
209,d_width_neg_exactfit_lj,1632237394,1630021518
210,d_width_pos_nofit_lj,1632237394,1630021518
211,d_width_neg_nofit_lj,1632237394,1630021518
212,d_prec_fits_pos,1632237394,1630021518
213,d_prec_fits_neg,1632237394,1630021518
214,d_prec_fits_zero,1632237394,1630021518
215,d_prec_exactfit_pos,1632237394,1630021518
216,d_prec_exactfit_neg,1632237394,1630021518
217,d_prec_nofit_pos,1632237394,1630021518
218,d_prec_nofit_neg,1632237394,1630021518
219,d_zp_pos_fits,1632237394,1630021518
220,d_zp_neg_fits,1632237394,1630021518
221,d_zp_zero_fits,1632237394,1630021518
222,d_zp_pos_exactfit,1632237394,1630021518
223,d_zp_neg_exactfit,1632237394,1630021518
224,d_zp_neg_minus1fit,1632237394,1630021518
225,d_prec_width_fit_fit_pos,1632237394,1630021518
226,d_prec_width_fit_fit_neg,1632237394,1630021518
227,d_prec_width_fit_fit_zero,1632237394,1630021518
228,d_prec_width_nofit_fit_pos,1632237394,1630021518
229,d_prec_width_nofit_fit_neg,1632237394,1630021518
230,d_prec_width_fit_nofit_pos,1632237394,1630021518
231,d_prec_width_fit_nofit_neg,1632237394,1630021518
232,d_prec_width_nofit_nofit_pos,1632237394,1630021518
233,d_prec_width_nofit_nofit_neg,1632237394,1630021518
234,d_prec_width_fit_fit_pos_lj,1632237394,1630021518
235,d_prec_width_fit_fit_neg_lj,1632237394,1630021518
236,d_prec_width_fit_fit_zero_lj,1632237394,1630021518
237,d_prec_width_nofit_fit_pos_lj,1632237394,1630021518
238,d_prec_width_nofit_fit_neg_lj,1632237394,1630021518
239,d_prec_width_fit_nofit_pos_lj,1632237394,1630021518
240,d_prec_width_fit_nofit_neg_lj,1632237394,1630021518
241,d_prec_width_nofit_nofit_pos_lj,1632237394,1630021518
242,d_prec_width_nofit_nofit_neg_lj,1632237394,1630021518
243,d_prec_width_ff_pos_zp,1632237394,1630021518
244,d_prec_width_ff_neg_zp,1632237394,1630021518
245,d_prec_width_ff_zero_zp,1632237394,1630021518
246,d_prec_width_nf_pos_zp,1632237394,1630021518
247,d_prec_width_nf_neg_zp,1632237394,1630021518
248,d_prec_width_fn_pos_zp,1632237394,1630021518
249,d_prec_width_fn_neg_zp,1632237394,1630021518
250,d_prec_width_nn_pos_zp,1632237394,1630021518
251,d_prec_width_nn_neg_zp,1632237394,1630021518
252,d_prec_width_ff_pos_lj_zp_ignoreflag,1632237394,1630021518
253,d_prec_width_ff_neg_ljzp_ignoreflag,1632237394,1630021518
254,d_prec_width_ff_zero_ljzp_ignoreflag,1632237394,1630021518
255,d_prec_width_nf_pos_ljzp_ignoreflag,1632237394,1630021518
256,d_prec_width_nf_neg_ljzp_ignoreflag,1632237394,1630021518
257,d_prec_width_fn_pos_ljzp_ignoreflag,1632237394,1630021518
258,d_prec_width_fn_neg_ljzp_ignoreflag,1632237394,1630021518
259,d_prec_width_nn_pos_ljzp_ignoreflag,1632237394,1630021518
260,d_prec_width_nn_neg_ljzp_ignoreflag,1632237394,1630021518
261,d_prec0val0_basic,1632237394,1630021518
262,d_prec0val0_implicit,1632237394,1630021518
263,d_prec0val0_w,1632237394,1630021518
264,d_prec0val0_w_impl,1632237394,1630021518
265,d_prec0val0_wlj,1632237394,1630021518
266,d_prec0val0_wlj_impl,1632237394,1630021518
267,i_basic_pos,1632237394,0
268,i_basic_neg,1632237394,0
269,i_basic_zero,1632237394,0
270,i_basic_onlypos,1632237394,0
271,i_basic_onlyneg,1632237394,0
272,i_basic_onlyzero,1632237394,0
273,i_intmax,1632237394,0
274,i_intmin,1632237394,0
275,i_width_pos_fits,1632237394,1630021518
276,i_width_neg_fits,1632237394,1630021518
277,i_width_zero_fits,1632237394,1630021518
278,i_width_pos_exactfit,1632237394,1630021518
279,i_width_neg_exactfit,1632237394,1630021518
280,i_width_pos_nofit,1632237394,1630021518
281,i_width_neg_nofit,1632237394,1630021518
282,i_width_pos_fits_lj,1632237394,1630021518
283,i_width_neg_fits_lj,1632237394,1630021518
284,i_width_zero_fits_lj,1632237394,1630021518
285,i_width_pos_exactfit_lj,1632237394,1630021518
286,i_width_neg_exactfit_lj,1632237394,1630021518
287,i_width_pos_nofit_lj,1632237394,1630021518
288,i_width_neg_nofit_lj,1632237394,1630021518
289,i_prec_fits_pos,1632237394,1630021518
290,i_prec_fits_neg,1632237394,1630021518
291,i_prec_fits_zero,1632237394,1630021518
292,i_prec_exactfit_pos,1632237394,1630021518
293,i_prec_exactfit_neg,1632237394,1630021518
294,i_prec_nofit_pos,1632237394,1630021518
295,i_prec_nofit_neg,1632237394,1630021518
296,i_zp_pos_fits,1632237394,1630021518
297,i_zp_neg_fits,1632237394,1630021518
298,i_zp_zero_fits,1632237394,1630021518
299,i_zp_pos_exactfit,1632237394,1630021518
300,i_zp_neg_exactfit,1632237394,1630021518
301,i_zp_neg_minus1fit,1632237394,1630021518
302,i_prec_width_fit_fit_pos,1632237394,1630021518
303,i_prec_width_fit_fit_neg,1632237394,1630021518
304,i_prec_width_fit_fit_zero,1632237394,1630021518
305,i_prec_width_nofit_fit_pos,1632237394,1630021518
306,i_prec_width_nofit_fit_neg,1632237394,1630021518
307,i_prec_width_fit_nofit_pos,1632237394,1630021518
308,i_prec_width_fit_nofit_neg,1632237394,1630021518
309,i_prec_width_nofit_nofit_pos,1632237394,1630021518
310,i_prec_width_nofit_nofit_neg,1632237394,1630021518
311,i_prec_width_fit_fit_pos_lj,1632237394,1630021518
312,i_prec_width_fit_fit_neg_lj,1632237394,1630021518
313,i_prec_width_fit_fit_zero_lj,1632237394,1630021518
314,i_prec_width_nofit_fit_pos_lj,1632237394,1630021518
315,i_prec_width_nofit_fit_neg_lj,1632237394,1630021518
316,i_prec_width_fit_nofit_pos_lj,1632237394,1630021518
317,i_prec_width_fit_nofit_neg_lj,1632237394,1630021518
318,i_prec_width_nofit_nofit_pos_lj,1632237394,1630021518
319,i_prec_width_nofit_nofit_neg_lj,1632237394,1630021518
320,i_prec_width_ff_pos_zp,1632237394,1630021518
321,i_prec_width_ff_neg_zp,1632237394,1630021518
322,i_prec_width_ff_zero_zp,1632237394,1630021518
323,i_prec_width_nf_pos_zp,1632237394,1630021518
324,i_prec_width_nf_neg_zp,1632237394,1630021518
325,i_prec_width_fn_pos_zp,1632237394,1630021518
326,i_prec_width_fn_neg_zp,1632237394,1630021518
327,i_prec_width_nn_pos_zp,1632237394,1630021518
328,i_prec_width_nn_neg_zp,1632237394,1630021518
329,i_prec_width_ff_pos_lj_zp_ignoreflag,1632237394,1630021518
330,i_prec_width_ff_neg_ljzp_ignoreflag,1632237394,1630021518
331,i_prec_width_ff_zero_ljzp_ignoreflag,1632237394,1630021518
332,i_prec_width_nf_pos_ljzp_ignoreflag,1632237394,1630021518
333,i_prec_width_nf_neg_ljzp_ignoreflag,1632237394,1630021518
334,i_prec_width_fn_pos_ljzp_ignoreflag,1632237394,1630021518
335,i_prec_width_fn_neg_ljzp_ignoreflag,1632237394,1630021518
336,i_prec_width_nn_pos_ljzp_ignoreflag,1632237394,1630021518
337,i_prec_width_nn_neg_ljzp_ignoreflag,1632237394,1630021518
338,i_prec0val0_basic,1632237394,1630021518
339,i_prec0val0_implicit,1632237394,1630021518
340,i_prec0val0_w,1632237394,1632068846
341,i_prec0val0_w_impl,1632237394,1630021518
342,i_prec0val0_wlj,1632237394,1630021518
343,i_prec0val0_wlj_impl,1632237394,1632071928
344,u_basic_pos,1632237394,0
345,u_basic_zero,1632237394,0
346,u_basic_onlypos,1632237394,0
347,u_uintmax,1632237394,0
348,u_width_pos_fits,1632237394,1630021518
349,u_width_zero_fits,1632237394,1630021518
350,u_width_pos_exactfit,1632237394,1630021518
351,u_width_pos_nofit,1632237394,1630021518
352,u_width_pos_fits_lj,1632237394,1630021518
353,u_width_zero_fits_lj,1632237394,1630021518
354,u_width_pos_exactfit_lj,1632237394,1630021518
355,u_width_pos_nofit_lj,1632237394,1632071828
356,u_prec_fits_pos,1632237394,1630021518
357,u_prec_fits_zero,1632237394,1630021518
358,u_prec_exactfit_pos,1632237394,1630021518
359,u_prec_nofit_pos,1632237394,1630021518
360,u_zp_pos_fits,1632237394,1630021518
361,u_zp_zero_fits,1632237394,1630021518
362,u_zp_pos_exactfit,1632237394,1630021518
363,u_prec_width_fit_fit_pos,1632237394,1630021518
364,u_prec_width_fit_fit_zero,1632237394,1630021518
365,u_prec_width_nofit_fit_pos,1632237394,1630021518
366,u_prec_width_fit_nofit_pos,1632237394,1630021518
367,u_prec_width_nofit_nofit_pos,1632237394,1630021518
368,u_prec_width_fit_fit_pos_lj,1632237394,1630021518
369,u_prec_width_fit_fit_zero_lj,1632237394,1630021518
370,u_prec_width_nofit_fit_pos_lj,1632237394,1630021518
371,u_prec_width_fit_nofit_pos_lj,1632237394,1630021518
372,u_prec_width_nofit_nofit_pos_lj,1632237394,1632066557
373,u_prec_width_ff_pos_zp,1632237394,1630021518
374,u_prec_width_ff_zero_zp,1632237394,1630021518
375,u_prec_width_nf_pos_zp,1632237394,1630021518
376,u_prec_width_fn_pos_zp,1632237394,1630021518
377,u_prec_width_nn_pos_zp,1632237394,1630021518
378,u_prec_width_ff_pos_ljzp_ignoreflag,1632237394,1630021518
379,u_prec_width_ff_zero_ljzp_ignoreflag,1632237394,1630021518
380,u_prec_width_nf_pos_ljzp_ignoreflag,1632237394,1630021518
381,u_prec_width_fn_pos_ljzp_ignoreflag,1632237394,1630021518
382,u_prec_width_nn_pos_ljzp_ignoreflag,1632237394,1630021518
383,u_prec0val0_basic,1632237394,1630021518
384,u_prec0val0_implicit,1632237394,1630021518
385,u_prec0val0_w,1632237394,1630021518
386,u_prec0val0_w_impl,1632237394,1630021518
387,u_prec0val0_wlj,1632237394,1630021518
388,u_prec0val0_wlj_impl,1632237394,1630021518
389,x_basic_pos,1632237394,0
390,x_basic_zero,1632237394,0
391,x_basic_onlypos,1632237394,0
392,x_hexlmax,1632237394,0
393,x_width_pos_fits,1632237394,1630021518
394,x_width_zero_fits,1632237394,1630021518
395,x_width_pos_exactfit,1632237394,1630021518
396,x_width_pos_nofit,1632237394,1630021518
397,x_width_pos_fits_lj,1632237394,1631500425
398,x_width_zero_fits_lj,1632237394,1630021518
399,x_width_pos_exactfit_lj,1632237394,1630021518
400,x_width_pos_nofit_lj,1632237394,1630021518
401,x_prec_fits_pos,1632237394,1630021518
402,x_prec_fits_zero,1632237394,1630021518
403,x_prec_exactfit_pos,1632237394,1630021518
404,x_prec_nofit_pos,1632237394,1630021518
405,x_zp_pos_fits,1632237394,1630021518
406,x_zp_zero_fits,1632237394,1630021518
407,x_zp_pos_exactfit,1632237394,1630021518
408,x_prec_width_fit_fit_pos,1632237394,1630021518
409,x_prec_width_fit_fit_zero,1632237394,1630021518
410,x_prec_width_nofit_fit_pos,1632237394,1630021518
411,x_prec_width_fit_nofit_pos,1632237394,1630021518
412,x_prec_width_nofit_nofit_pos,1632237394,1630021518
413,x_prec_width_fit_fit_pos_lj,1632237394,1630021518
414,x_prec_width_fit_fit_zero_lj,1632237394,1630021518
415,x_prec_width_nofit_fit_pos_lj,1632237394,1630021518
416,x_prec_width_fit_nofit_pos_lj,1632237394,1630021518
417,x_prec_width_nofit_nofit_pos_lj,1632237394,1630021518
418,x_prec_width_ff_pos_zp,1632237394,1630021518
419,x_prec_width_ff_zero_zp,1632237394,1630021518
420,x_prec_width_nf_pos_zp,1632237394,1630021518
421,x_prec_width_fn_pos_zp,1632237394,1630021518
422,x_prec_width_nn_pos_zp,1632237394,1630021518
423,x_prec_width_ff_pos_ljzp_ignoreflag,1632237394,1630021518
424,x_prec_width_ff_zero_ljzp_ignoreflag,1632237394,1630021518
425,x_prec_width_nf_pos_ljzp_ignoreflag,1632237394,1630021518
426,x_prec_width_fn_pos_ljzp_ignoreflag,1632237394,1630021518
427,x_prec_width_nn_pos_ljzp_ignoreflag,1632237394,1630021518
428,x_prec0val0_basic,1632237394,1630021518
429,x_prec0val0_implicit,1632237394,1630021518
430,x_prec0val0_w,1632237394,1630021518
431,x_prec0val0_w_impl,1632237394,1630021518
432,x_prec0val0_wlj,1632237394,1630021518
433,x_prec0val0_wlj_impl,1632237394,1631562393
434,X_basic_hexu_pos,1632237394,0
435,X_basic_hexu_zero,1632237394,0
436,X_basic_hexu_onlypos,1632237394,0
437,X_hexumax,1632237394,0
438,X_width_pos_fits,1632237394,1630021518
439,X_width_zero_fits,1632237394,1630021518
440,X_width_pos_exactfit,1632237394,1630021518
441,X_width_pos_nofit,1632237394,1630021518
442,X_width_pos_fits_lj,1632237394,1630021518
443,X_width_zero_fits_lj,1632237394,1630021518
444,X_width_pos_exactfit_lj,1632237394,1630021518
445,X_width_pos_nofit_lj,1632237394,1630021518
446,X_prec_fits_pos,1632237394,1630021518
447,X_prec_fits_zero,1632237394,1630021518
448,X_prec_exactfit_pos,1632237394,1630021518
449,X_prec_nofit_pos,1632237394,1630021518
450,X_zp_pos_fits,1632237394,1630021518
451,X_zp_zero_fits,1632237394,1630021518
452,X_zp_pos_exactfit,1632237394,1630021518
453,X_prec_width_fit_fit_pos,1632237394,1630021518
454,X_prec_width_fit_fit_zero,1632237394,1630021518
455,X_prec_width_nofit_fit_pos,1632237394,1630021518
456,X_prec_width_fit_nofit_pos,1632237394,1630021518
457,X_prec_width_nofit_nofit_pos,1632237394,1630021518
458,X_prec_width_fit_fit_pos_lj,1632237394,1630021518
459,X_prec_width_fit_fit_zero_lj,1632237394,1630021518
460,X_prec_width_nofit_fit_pos_lj,1632237394,1630021518
461,X_prec_width_fit_nofit_pos_lj,1632237394,1630021518
462,X_prec_width_nofit_nofit_pos_lj,1632237394,1630021518
463,X_prec_width_ff_pos_zp,1632237394,1630021518
464,X_prec_width_ff_zero_zp,1632237394,1630021518
465,X_prec_width_nf_pos_zp,1632237394,1630021518
466,X_prec_width_fn_pos_zp,1632237394,1630021518
467,X_prec_width_nn_pos_zp,1632237394,1630021518
468,X_prec_width_ff_pos_ljzp_ignoreflag,1632237394,1630021518
469,X_prec_width_ff_zero_ljzp_ignoreflag,1632237394,1630021518
470,X_prec_width_nf_pos_ljzp_ignoreflag,1632237394,1630021518
471,X_prec_width_fn_pos_ljzp_ignoreflag,1632237394,1630021518
472,X_prec_width_nn_pos_ljzp_ignoreflag,1632237394,1630021518
473,X_prec0val0_basic,1632237394,1630021518
474,X_prec0val0_implicit,1632237394,1630021518
475,X_prec0val0_w,1632237394,1630021518
476,X_prec0val0_w_impl,1632237394,1630021518
477,X_prec0val0_wlj,1632237394,1630021518
478,X_prec0val0_wlj_impl,1632237394,1630021518
479,new2019_star_1,1632237394,1630021518
480,new2019_star_2,1632237394,1630021518
481,new2019_star_3,1632237394,1630021518
482,new2019_star_4,1632237394,1630021518
483,new2019_star_5,1632237394,1630021518
484,new2019_star_6,1632237394,1630021518
485,new2019_star_7,1632237394,1630021518
486,new2019_star_8,1632237394,1630021518
487,new2019_star_9,1632237394,1630021518
488,new2019_star_10,1632237394,1630021518
489,new2019_negstar_1,0,1632237394
490,new2019_negstar_2,0,1632237394
491,new2019_negstar_3,1632237394,1630021518
492,new2019_negstar_4,1632237394,1630021518
493,new2019_negstar_5,0,1632237394
494,new2019_negstar_6,1632237394,1630021518
495,new2019_negstar_7,0,1632237394
496,new2019_negstar_8,1632237394,1630021518
497,new2019_negstar_9,0,1632237394
548,moul_c_1,1632237394,0
549,moul_c_2,1632237394,0
550,moul_c_3,1632237394,0
551,moul_c_4,1632237394,0
552,moul_c_5,1632237394,0
553,moul_c_5b,1632237394,0
554,moul_c_6,1632237394,0
555,moul_c_7,1632237394,0
556,moul_c_8,1632237394,0
557,moul_c_9,1632237394,0
558,moul_c_10,1632237394,0
559,moul_c_11,1632237394,0
560,moul_c_12,1632237394,0
561,moul_c_13,1632237394,0
562,moul_c_14,1632237394,0
563,moul_c_15,1632237394,0
564,moul_c_16,1632237394,0
565,moul_c_17,1632237394,0
566,moul_c_18,1632237394,0
567,moul_c_19,1632237394,0
568,moul_c_20,1632237394,0
569,moul_c_21,1632237394,0
570,moul_c_22,1632237394,0
571,moul_c_23,1632237394,0
572,moul_c_24,1632237394,0
573,moul_c_25,1632237394,0
574,moul_c_26,1632237394,0
575,moul_c_27,1632237394,0
576,moul_c_28,1632237394,0
577,moul_s_1,1632237394,0
578,moul_s_2,1632237394,0
579,moul_s_3,1632237394,0
580,moul_s_4,1632237394,0
581,moul_s_5_this_ones_a_doozy,1632237394,0
582,moul_d_1,1632237394,0
583,moul_d_2,1632237394,0
584,moul_d_3,1632237394,0
585,moul_d_4,1632237394,0
586,moul_d_5,1632237394,0
587,moul_d_6,1632237394,0
588,moul_d_7,1632237394,0
589,moul_d_8,1632237394,0
590,moul_d_9,1632237394,0
591,moul_d_10,1632237394,0
592,moul_d_11,1632237394,0
593,moul_d_12,1632237394,0
594,moul_mix_1,1632237394,0
595,moul_i_1,1632237394,0
596,moul_i_2,1632237394,0
597,moul_i_3,1632237394,0
598,moul_i_4,1632237394,0
599,moul_i_5,1632237394,0
600,moul_i_6,1632237394,0
601,moul_i_7,1632237394,0
602,moul_i_8,1632237394,0
603,moul_i_9,1632237394,0
604,moul_i_10,1632237394,0
605,moul_i_11,1632237394,0
606,moul_i_12,1632237394,0
607,moul_u_1,1632237394,0
608,moul_u_2,1632237394,0
609,moul_u_3,1632237394,0
610,moul_u_4,1632237394,0
611,moul_u_5,1632237394,0
612,moul_u_6,1632237394,0
613,moul_u_7,1632237394,0
614,moul_u_8,1632237394,0
615,moul_u_9,1632237394,0
616,moul_u_10,1632237394,0
617,moul_u_11,1632237394,0
618,moul_u_12,1632237394,0
619,moul_x_1,1632237394,0
620,moul_x_2,1632237394,0
621,moul_x_3,1632237394,0
622,moul_x_4,1632237394,0
623,moul_x_5,1632237394,0
624,moul_x_6,1632237394,0
625,moul_x_7,1632237394,0
626,moul_x_8,1632237394,0
627,moul_x_9,1632237394,0
628,moul_x_10,1632237394,0
629,moul_x_11,1632237394,0
630,moul_x_12,1632237394,0
631,moul_prec_1,1632237394,1630021518
632,moul_prec_3,1632237394,1630021518
633,moul_prec_4,1632237394,1630021518
634,moul_prec_5,1632237394,1630021518
635,moul_zeropad_1,1632237394,1630021518
636,moul_zeropad_2,1632237394,1630021518
637,moul_zeropad_3,1632237394,1630021518
638,moul_zeropad_4,1632237394,1630021518
639,moul_leftjusty_1,1632237394,1630021518
640,moul_leftjusty_2,1632237394,1630021518
641,moul_leftjusty_3,1632237394,1630021518
642,moul_leftjusty_4,1632237394,1630021518
643,moul_leftjusty_5,1632237394,1630021518
644,moul_leftjusty_6,1632237394,1630021518
645,moul_leftjusty_7,1632237394,1630021518
646,moul_star_1,1632237394,1630021518
647,moul_star_2,1632237394,1630021518
648,moul_star_3,1632237394,1630021518
649,moul_star_4,1632237394,1630021518
650,moul_star_5,1632237394,1630021518
651,mix_test_0,1632237394,0
652,mix_test_1,1632237394,0
653,mix_test_2,1632237394,0
654,mix_test_3,1632237394,0
655,mix_test_4,1632237394,0
656,mix_test_5,1632237394,0
657,mix_test_6,1632237394,0
658,mix_test_7,1632237394,0
659,mix_test_8,1632237394,0
660,mix_test_9,1632237394,0
661,mix_test_10,1632237394,0
662,mix_test_11,1632237394,0
663,mix_test_12,1632237394,0
664,mix_test_13,1632237394,0
665,mix_test_14,1632237394,0
666,mix_test_15,1632237394,0
667,mix_test_16,1632237394,0
668,mix_test_17,1632237394,0
669,mix_test_18,1632237394,0
670,mix_test_19,1632237394,0
671,mix_test_20,1632237394,0
672,mix_test_21,1632237394,0
673,mix_test_22,1632237394,0
674,mix_test_23,1632237394,0
675,mix_test_24,1632237394,0
676,mix_test_25,1632237394,0
677,mix_test_26,1632237394,0
678,mix_test_27,1632237394,0
679,mix_test_28,1632237394,0
680,mix_test_29,1632237394,0
681,mix_test_30,1632237394,0
682,mix_test_31,1632237394,0
683,mix_test_32,1632237394,0
684,mix_test_33,1632237394,0
685,mix_test_34,1632237394,0
686,mix_test_35,1632237394,0
687,mix_test_36,1632237394,0
688,mix_test_37,1632237394,0
689,mix_test_38,1632237394,0
690,mix_test_39,1632237394,0
691,mix_test_40,1632237394,0
692,mix_test_41,1632237394,0
693,mix_test_42,1632237394,0
694,mix_test_43,1632237394,0
695,mix_test_44,1632237394,0
696,mix_test_45,1632237394,0
697,mix_test_46,1632237394,0
698,mix_test_47,1632237394,0
699,mix_test_48,1632237394,0
700,mix_test_49,1632237394,0
701,mix_test_50,1632237394,0
702,mix_test_51,1632237394,0
703,mix_test_52,1632237394,0
704,mix_test_53,1632237394,0
705,mix_test_54,1632237394,0
706,mix_test_55,1632237394,0
707,mix_test_56,1632237394,0
708,mix_test_57,1632237394,0
709,mix_test_58,1632237394,0
710,mix_test_59,1632237394,0
711,mix_test_60,1632237394,0
712,mix_test_61,1632237394,0
713,mix_test_62,1632237394,0
714,mix_test_63,1632237394,0
715,mix_test_64,1632237394,0
716,mix_test_65,1632237394,0
717,mix_test_66,1632237394,0
718,mix_test_67,1632237394,0
719,mix_test_68,1632237394,0
720,mix_test_69,1632237394,0
721,mix_test_70,1632237394,0
722,mix_test_71,1632237394,0
723,mix_test_72,1632237394,0
724,mix_test_73,1632237394,0
725,mix_test_74,1632237394,0
726,mix_test_75,1632237394,0
727,mix_test_76,1632237394,0
728,mix_test_77,1632237394,0
729,mix_test_78,1632237394,0
730,mix_test_79,1632237394,0
731,mix_test_80,1632237394,0
732,mix_test_81,1632237394,0
733,mix_test_82,1632237394,0
734,mix_test_83,1632237394,0
735,mix_test_84,1632237394,0
736,mix_test_85,1632237394,0
737,mix_test_86,1632237394,0
738,mix_test_87,1632237394,0
739,mix_test_88,1632237394,0
740,mix_test_89,1632237394,0
741,mix_test_90,1632237394,0
742,mix_test_91,1632237394,0
743,mix_test_92,1632237394,0
744,mix_test_93,1632237394,0
745,mix_test_94,1632237394,0
746,mix_test_95,1632237394,0
747,mix_test_96,1632237394,0
748,mix_test_97,1632237394,0
749,mix_test_98,1632237394,0
750,mix_test_99,1632237394,0
751,mix_successive_0,1632237394,0
752,mix_successive_4,1632237394,0
753,mix_successive_6,1632237394,0
754,mix_successive_10,1632237394,0
755,mix_successive_16,1632237394,0
756,mix_successive_20,1632237394,0
757,mix_successive_21,1632237394,0
758,mix_successive_28,1632237394,0
759,mix_successive_30,1632237394,0
760,mix_successive_31,1632237394,0
761,mix_successive_32,1632237394,0
762,mix_successive_39,1632237394,0
763,mix_successive_40,1632237394,0
764,mix_successive_42,1632237394,0
765,mix_successive_43,1632237394,0
766,mix_successive_45,1632237394,0
767,mix_successive_46,1632237394,0
768,mix_successive_61,1632237394,0
769,mix_successive_64,1632237394,0
4186,d_neg_prec_star_01,1632237394,1630021518
4187,d_neg_prec_star_02,1632237394,1630021518
4188,d_neg_prec_star_03,1632237394,1630021518
4189,u_neg_prec_star_01,1632237394,1630021518
4190,u_neg_prec_star_02,1632237394,1630021518
4191,u_neg_prec_star_03,1632237394,1630021518
4192,notintsubject_o_neg_prec_star_01,0,1632237394
4193,notintsubject_o_neg_prec_star_02,0,1632237394
4194,notintsubject_o_neg_prec_star_03,0,1632237394
4195,x_neg_prec_star_01,1632237394,1630021518
4196,x_neg_prec_star_02,1632237394,1630021518
4197,x_neg_prec_star_03,1632237394,1630021518
4198,X_neg_prec_star_01,1632237394,1630021518
4199,X_neg_prec_star_02,1632237394,1630021518
4200,X_neg_prec_star_03,1632237394,1630021518
4201,s_neg_prec_star_01,0,1632237394
4202,s_neg_prec_star_02,0,1632237394
4203,p_neg_prec_star_01,1632237394,1630021518
4204,p_neg_prec_star_02,1632237394,1630021518
4205,p_neg_prec_star_03,0,1632237394
4206,p_neg_prec_star_04,0,1632237394
